<?xml version="1.0" encoding="UTF-8"?>
<extension type="component" method="upgrade">
	<name>com_postinstall</name>
	<author>Joomla! Project</author>
	<creationDate>2013-09</creationDate>
	<copyright>(C) 2013 Open Source Matters, Inc.</copyright>
	<license>GNU General Public License version 2 or later; see LICENSE.txt</license>
	<authorEmail>admin@joomla.org</authorEmail>
	<authorUrl>www.joomla.org</authorUrl>
	<version>4.0.0</version>
	<description>COM_POSTINSTALL_XML_DESCRIPTION</description>
	<namespace path="src">Joomla\Component\Postinstall</namespace>
	<administration>
		<files folder="admin">
			<filename>access.xml</filename>
			<filename>config.xml</filename>
			<filename>postinstall.xml</filename>
			<folder>services</folder>
			<folder>src</folder>
			<folder>tmpl</folder>
		</files>
		<languages folder="admin">
			<language tag="en-GB">language/en-GB/com_postinstall.ini</language>
			<language tag="en-GB">language/en-GB/com_postinstall.sys.ini</language>
		</languages>
	</administration>
</extension>
